lemma	count	gloss
ὁ	19769	the
καί	8973	and, even, also, namely
αὐτός	5546	he, she, it, they, them, same
σύ	2894	you
δέ	2766	but, on the other hand, and
ἐν	2733	in, on, among
ἐγώ	2572	I
εἰμί	2456	I am, exist
λέγω	2345	I say, speak
εἰς	1754	into, in, among, till, for
οὐ	1605	no, not
ὅς	1408	who, which, what, that
οὗτος	1385	this, he, she, it
θεός	1307	God, a god
ὅτι	1294	that, since, because
πᾶς	1244	all, the whole, every kind of
γάρ	1039	for
μή	1036	not, lest
ἐκ	913	from out, out from among, from
Ἰησοῦς	906	Jesus
ἐπί	885	on, to, against, on the basis of, at
κύριος	713	lord, Lord, master, sir
ἔχω	706	I have, hold, possess
πρός	696	to, towards, with
γίνομαι	667	I come into being, am born
διά	666	through, on account of
ἵνα	662	in order that, so that
ἀπό	644	from, away from
ἀλλά	638	but, except
ἔρχομαι	630	I come, go
ποιέω	568	I do, make
τίς	559	who, which, what
ἄνθρωπος	550	a man, one of the human race
Χριστός	528	anointed, the Messiah, the Christ
τις	525	any one, some one
ὡς	503	as, like as, how, while, so that
εἰ	502	if
οὖν	494	therefore, then
ὁράω	476	I see, look upon, experience
μετά	470	with, after
κατά	469	down from, against, according to, throughout, during
ἀκούω	427	I hear, listen
δίδωμι	415	I offer, give
πολύς	415	much, many, often
πατήρ	413	father, Father, ancestor
ἡμέρα	389	a day
πνεῦμα	379	wind, breath, spirit
υἱός	375	a son, descendent
ἤ	346	or, than
ἀδελφός	342	a brother
εἷς	342	one
ἑαυτοῦ	333	himself, herself, itself
περί	332	about, concerning, around
ἐάν	331	if
λόγος	330	a word, speech, divine utterance, analogy
λαλέω	297	I speak, say
οἶδα	296	I know, remember
οὐρανός	273	the sky, the heaven
μαθητής	262	a learner, disciple, pupil
λαμβάνω	258	I receive, take
γῆ	248	the earth, soil, land
ἐκεῖνος	242	that, that one there, yonder
πίστις	242	faith, belief, trust
πιστεύω	241	I believe, have faith in
μέγας	240	large, great
ἅγιος	233	set apart, holy, sacred
ἀποκρίνομαι	232	I answer, reply
οὐδείς	232	no one, none, nothing
ὄνομα	229	name, character, reputation
γινώσκω	221	I come to know, learn, realize
ὑπό	220	by, under, about
ἀνήρ	216	a male human being, a man
ἐξέρχομαι	216	I go out, come out
τέ	213	and, both
γυνή	212	a woman, wife, my lady
δύναμαι	209	I am powerful, am able
θέλω	208	I will, wish, desire
οὕτω(ς)	207	thus, so, in this manner
ἰδού	200	See! Lo! Behold! Look!
Ἰουδαῖος	194	Jewish
παρά	193	from, in the presence of
νόμος	193	a law, the Mosaic Law
εἰσέρχομαι	193	I go in, come in, enter
γράφω	190	I write
κόσμος	185	the world, universe
καθώς	182	just as, as
μέν	178	truly, indeed
χείρ	176	a hand
εὑρίσκω	176	I find
ἄγγελος	175	an angel, messenger
ὄχλος	174	a crowd
ἁμαρτία	172	a sin
ἄν	171	an untranslatable word that makes a statement contingent
ἔργον	169	work, labor, action, deed
δόξα	165	honor, renown, glory splendor
πόλις	162	a city
βασιλεία	162	kingship, sovereignty, authority, rule, kingdom
ἔθνος	160	a race, people, the Gentiles
τότε	159	then
Παῦλος	158	Paul
ἐσθίω	157	I eat
καρδία	156	the heart, inner life, intention
Πέτρος	156	Peter
χάρις	155	grace, favor, kindness
ἄλλος	154	other, another, different
ἵστημι	153	I cause to stand, stand
πρῶτος	153	first, before
ὑπέρ	150	in behalf of, above
πορεύομαι	150	I travel, journey, go
καλέω	148	I call, invite, name
σάρξ	147	flesh, body
νῦν	145	now, already, at present
ἕως	145	until, as far as
ὅστις	144	whosoever, whichsoever, whatsoever
προφήτης	144	a prophet, poet
ἀγαπάω	143	I love
ἐγείρω	143	I wake, arouse, raise up
ἀφίημι	143	I send away, release, remit, forgive, permit
σῶμα	142	body, flesh
οὐδέ	142	neither, nor, not even
λαός	141	a people, the crowd
ζάω	140	I live
φωνή	139	a sound, noise, voice
πάλιν	139	again, further, on the other hand
δέω	138	I bind
Ἰωάννης	135	John
δύο	135	two
ζωή	135	life
βλέπω	133	I look, see
ἀποστέλλω	132	I send forth, send, send away, dismiss
σύν	129	with
ἀμήν	128	verily, truly, amen, so let it be
νεκρός	128	dead, a corpse
δοῦλος	126	a male slave
ὅταν	123	when, whensoever
ἀρχιερεύς	122	high priest, chief priest
αἰών	122	an age, a cycle of time
βάλλω	121	I cast, throw, rush, put, place, drop
θάνατος	120	death
δύναμις	119	might, power, marvelous works
παραδίδωμι	119	I hand over, deliver, betray
μένω	118	I remain, abide
ζητέω	117	I seek, search for, desire
ἀπέρχομαι	117	I come or go away from, depart, return
ἀγάπη	116	love
βασιλεύς	115	a king, ruler, emperor
ἐκκλησία	114	an assembly, congregation, church
κρίνω	114	I judge, decide, think good
ἴδιος	114	one's own, private, personal
οἶκος	112	a house, household
ὅσος	111	how much, how great, how many
ἀποθνῄσκω	111	I am dying, am about to die
μόνος	110	only, solitary, desolate
μέλλω	109	I am about to
ἀλήθεια	109	truth
παρακαλέω	109	I summon, entreat, admonish, comfort
ἀνίστημι	108	I raise up, set up, rise from
ὅλος	108	all, the whole, entire
ὥρα	106	an hour, season
σῴζω	106	I save, heal
πῶς	103	how, in what manner
ὅτε	102	when
ἐξουσία	102	power, authority, weight
ψυχή	102	the soul, life, self
ἀγαθός	101	good
ὁδός	101	a way, road, journey
καλός	101	beautiful, good, worthy
αἴρω	101	I raise, lift up
τίθημι	100	I put, place
ἀλλήλων	100	one another
ὀφθαλμός	100	the eye
τέκνον	99	a child, descendent, inhabitant
ἕτερος	97	another, different
αἷμα	97	blood
γεννάω	97	I beget, bring forth, give birth to
ἄρτος	97	bread, a loaf, food
διδάσκω	96	I teach
Φαρισαῖος	96	a Pharisee
ἐκεῖ	95	there, yonder, thither
φοβέομαι	95	I fear, am terrified
περιπατέω	95	I walk, conduct my life
ἐνώπιον	94	before the face of, in the presence of
τόπος	94	a place
οἰκία	93	a house, household
ἔτι	93	still, yet, even now
πούς	93	the foot
εἰρήνη	91	peace, peace of mind
δικαιοσύνη	91	justice, justness, righteousness
κάθημαι	91	I sit, am seated
ἀπόλλυμι	90	I destroy, lose, am perishing
μηδείς	90	no one, nothing
θάλασσα	90	the sea, lake
πίπτω	90	I fall, fall under
ἀκολουθέω	89	I accompany, attend, follow
ἑπτά	88	seven
οὔτε	87	and not, neither, nor
ἄρχω	87	I reign, rule
προσέρχομαι	86	I come near, consent to
πληρόω	86	I fill, fulfill, complete
καιρός	85	fitting season, opportunity, time
προσεύχομαι	85	I pray, pray for
ὥστε	83	so that, therefore
μήτηρ	83	a mother
κἀγώ	83	I also, I too
ὅπου	81	where, whither
ἕκαστος	81	each, every one
μᾶλλον	81	more, rather
ἀναβαίνω	81	I go up, mount, ascend
ἐκβάλλω	81	I throw, cast, put out, banish, bring forth, produce
καταβαίνω	80	I go down, come down
Μωϋσῆς	79	Moses
δίκαιος	79	just, righteous, impartial
ὑπάγω	79	I go away, depart
πέμπω	79	I send
ἀπόστολος	79	an apostle, a messenger, an envoy, a delegate
πονηρός	78	evil, bad, wicked
στόμα	78	the mouth, speech
βαπτίζω	77	I dip, submerge, baptize
ἀνοίγω	77	I open
σημεῖον	77	a sign, miracle, indication
μαρτυρέω	76	I witness, testify
ἐμός	76	mine
Ἰερουσαλήμ	76	Jerusalem
πρόσωπον	76	the face, countenance, surface
ὕδωρ	76	water
κεφαλή	75	the head
εὐαγγέλιον	75	the good news, the gospel
δώδεκα	75	twelve
Σίμων	75	Simon
ἀποκτείνω	74	I put to death, kill
χαίρω	74	I rejoice, am glad
Ἀβραάμ	73	Abraham
φῶς	72	light, a source of light
πίνω	72	I drink, imbibe
πῦρ	71	fire, trials
τηρέω	71	I keep, guard, observe
αἰτέω	70	I ask, request, beg, petition
αἰώνιος	69	eternal, unending
σάββατον	68	the Sabbath, a week
Ἰσραήλ	68	Israel
τρεῖς	67	three
πιστός	67	trustworthy, faithful, believing
ἀπολύω	67	I release, let go, send away, divorce
πλοῖον	67	a ship, vessel
ῥῆμα	67	a thing spoken
φέρω	66	I carry, bear, bring, lead
ἄγω	66	I lead
καρπός	66	fruit, result, gain
ἐντολή	66	an ordinance, injunction, command
πρεσβύτερος	65	elder
φημί	65	I say
εἴτε	65	and if, whether
δαιμόνιον	63	an evil-spirit, demon
Ἱεροσόλυμα	63	Jerusalem
θρόνος	62	a throne, seat
γραμματεύς	62	a scribe, town-clerk, man of learning
ἐρωτάω	62	I ask, question, request
δοκέω	62	I think, seem, appear, it seems
θέλημα	62	will, wish, desire
ἔξω	62	without, outside
ὄρος	62	a mountain
νύξ	61	the night, night-time
ὧδε	61	here
ἀγαπητός	61	loved, beloved
δοξάζω	61	I glorify, honor, bestow glory on
κηρύσσω	61	I proclaim, herald, preach
Γαλιλαία	61	Galilee
ἱμάτιον	60	outer garment
ὑπάρχω	60	I am, exist, am in possession
προσκυνέω	60	I worship
ἤδη	60	now, already
συνάγω	59	I gather together
Δαυίδ	59	David
εὐθύς	59	straight, immediately
χαρά	59	joy, gladness
ἀσπάζομαι	59	I greet, salute, pay my respects to
διδάσκαλος	58	a teacher
θεωρέω	58	I behold, look at, experience
λίθος	58	a stone
μηδέ	57	and not, not even
ἐπερωτάω	56	I interrogate, question, demand of
συναγωγή	56	an assembly, congregation, synagogue
δέχομαι	56	I take, receive, accept, welcome
τοιοῦτος	56	of such a kind, such
μέσος	56	middle, in the middle
λοιπός	55	left, left behind, the remainder
τρίτος	55	third
ἀρχή	55	ruler, beginning
κράζω	55	I cry aloud, shriek
Πιλᾶτος	55	Pilate
εὐαγγελίζω	54	I bring good news, preach good tidings
δεξιός	54	on the right hand, right hand, right
ὅπως	53	how, in order that, so that
χρόνος	53	time, a particular time, season
διό	53	wherefore
οὐχί	53	by no means, not at all
ἐλπίς	53	hope, expectation
ἔσχατος	52	last, at the last, finally
πείθω	52	I persuade, urge
σπείρω	52	I sow, spread, scatter
ἐπαγγελία	52	a promise
παιδίον	52	a little child, an infant
σοφία	51	wisdom
τυφλός	50	blind
κακός	50	bad, evil
παραβολή	50	a parable, comparison
ποῦ	50	where, whither
γλῶσσα	50	the tongue, a language, nation
μακάριος	50	happy, blessed
παραλαμβάνω	49	I take, receive
ἄρα	49	then, therefore, since
γραφή	49	a writing, passage of scripture, the scriptures
ἔτος	49	a year
χρεία	49	need, necessity, business
ἔρημος	48	deserted, desolate, a desert
ἔμπροσθεν	48	in front, before the face
ἀποδίδωμι	48	I give back, return, sell
φανερόω	48	I make clear, visible, or manifest
οὐκέτι	47	no longer, no more
κρίσις	47	judging, divine judgment
πρό	47	before
φόβος	47	fear, terror, reverence
ἁμαρτωλός	47	sinning, sinful, a sinner
προσφέρω	47	I bring to, offer
ἄχρι	47	as far as, up to, until
κρατέω	47	I lay hold of, obtain
φυλακή	47	a watching, guard, prison, imprisonment
μικρός	46	little, small
σταυρόω	46	I crucify
θηρίον	46	a wild beast, animal
σωτηρία	46	deliverance, salvation
οὐαί	46	woe!, alas!
ὅμοιος	45	like, similar to
ἀπαγγέλλω	45	I report, bring a report, announce
καθίζω	45	I set, make to sit
θλῖψις	45	persecution, affliction, distress
διώκω	45	I pursue, persecute
ναός	45	a temple, shrine
κατοικέω	44	I dwell in, settle in, inhabit
δεύτερος	44	second, in the second place, for the second time
ἱερός	44	sacred, holy
ἐπιγινώσκω	44	I come to know, discern, recognize
Ἰουδαία	44	Judea
Ἰούδας	44	Judah, Judas, Jude
σπέρμα	43	seed, offspring
φωνέω	43	I crow, shout, summon
Ἡρῴδης	43	Herod
θαυμάζω	43	I wonder, admire
γενεά	43	a generation
σεαυτοῦ	43	of yourself
θεραπεύω	43	I care for, attend, serve, heal
λύω	42	I loose, untie, release, destroy
Ἰάκωβος	42	James
καινός	42	fresh, new
πάσχω	42	I am acted upon, suffer
ἀνάστασις	42	a rising again, resurrection
μέρος	42	a part, portion
ἁμαρτάνω	42	I sin
χωρίς	42	apart from, without
ἐγγίζω	42	I come near, approach
σήμερον	41	today, now
παρίστημι	41	I bring, present, come up to and stand by
τιμή	41	a price, honor
πάντοτε	41	always, at all times
ἐργάζομαι	41	I word, trade, do
διέρχομαι	41	I pass through, spread a report
ἄξιος	41	worthy, worthy of, deserving
ὀλίγος	41	small, brief, few, soon
εὐλογέω	41	I bless
μισέω	40	I hate, detest
ἱκανός	40	sufficient, worthy, many, much
λογίζομαι	40	I reckon, count, decide
οἰκοδομέω	40	I build, build up, edify
μνημεῖον	40	a tomb, sepulcher
ἑτοιμάζω	40	I make ready, prepare
τέσσαρες	40	four
τέλος	40	an end, purpose, tax
κλαίω	40	I weep, weep for, mourn
δικαιόω	39	I make righteous, defend the cause of, justify
ἅπτω	39	I kindle, light
θύρα	39	a door, opportunity
πλανάω	39	I lead astray, deceive
ἐπιτίθημι	39	I put, place upon, lay on
πρόβατον	39	a sheep
περισσεύω	39	I exceed, am left over
πράσσω	38	I do, fare, require
πέντε	38	five
ἐπιθυμία	38	desire, eagerness for, inordinate desire, lust
ὑποτάσσω	38	I place under, subject to
εὐχαριστέω	38	I thank, give thanks
ἄρχων	37	a ruler, prince, leader
διακονέω	37	I wait at table, serve
πειράζω	37	I try, tempt, test
βούλομαι	37	I will, intend, desire
ἐμαυτοῦ	37	of myself
μαρτυρία	37	witness, evidence, testimony
Σατανᾶς	36	an adversary, Satan
οὖς	36	the ear
ὀργή	36	anger, wrath, passion
περιτομή	36	circumcision
ἄρτι	36	now, just now
ἐπιστρέφω	36	I turn back to
ὥσπερ	36	just as, as
καλῶς	36	well, nobly, rightly
παραγίνομαι	36	I appear, come, arrive at
ἀγρός	36	a field, the country
Φίλιππος	36	Philip
προσευχή	36	prayer, a place for prayer
καυχάομαι	36	I boast, glory
ὑποστρέφω	35	I turn back, return
μάρτυς	35	a witness
Ἰωσήφ	35	Joseph
εὐθέως	35	immediately, soon
ὀπίσω	35	behind, after
ὀφείλω	35	I owe, ought
διάβολος	35	slanderous, the Slanderer, the Devil
βλασφημέω	34	I speak evil against, blaspheme
μήτε	34	nor, neither, not even
μετανοέω	34	I repent, change my mind
ἀσθενέω	34	I am weak, sick
διακονία	34	waiting at table, service, ministration
βιβλίον	34	a papyrus roll
οἶνος	34	wine
μέλος	34	a limb, member
πτωχός	34	poor, destitute
ναί	33	yes, certainly, even so
ἀρνέομαι	33	I deny, repudiate
ἐκπορεύομαι	33	I journey out, come forth
ποῖος	33	of what sort
διαθήκη	33	a covenant, will, testament
δείκνυμι	33	I point out, show
ἀναγινώσκω	32	I read
ἅπας	32	all, the whole
ἐλεάω	32	I have pity, show mercy
ἐχθρός	32	hated, hostile, an enemy
ἀκάθαρτος	32	unclean, impure
ἥλιος	32	the sun, sunlight
ὑπομονή	32	endurance, steadfastness
παραγγέλλω	32	I notify, command, charge
δυνατός	32	powerful, able, possible
παρρησία	31	freedom, confidence
καθαρίζω	31	I make clean
φυλή	31	a tribe, race
ἄνεμος	31	the wind
πλήν	31	however, nevertheless
ἔξεστι(ν)	31	it is permitted, lawful, possible
φυλάσσω	31	I keep, guard, observe
ἐλπίζω	31	I hope, hope for, expect
πλῆθος	31	a multitude
ποτήριον	31	a drinking cup
φαίνω	31	I shine, appear, seem
ἱερεύς	31	a priest
ὁμοίως	31	in like manner
συνείδησις	30	the conscience
ἐπικαλέω	30	I call by an additional name, appeal to
σκότος	30	darkness
ἐγγύς	30	near
ἀγοράζω	30	I buy
σκανδαλίζω	30	I cause to stumble
συνέρχομαι	30	I come or go with, accompany, assemble
διδαχή	30	teaching, doctrine
ἴδε	30	See! Lo! Behold! Look!
ἀρνίον	30	a lamb
γνῶσις	29	knowledge, doctrine, wisdom
ἱερόν	29	a temple
παράκλησις	29	exhortation, entreaty, encouragement, comfort
φεύγω	29	I flee, escape, shun
μάχαιρα	29	a sword
φίλος	29	friendly, a friend
προσκαλέομαι	29	I summon
πάσχα	29	the feast of Passover, the Passover lamb
ἰσχυρός	29	strong, mighty, powerful
ἐπιτιμάω	29	I rebuke, chide, admonish, warn
Ἠλίας	29	Elijah
παρέρχομαι	29	I pass by
Καῖσαρ	29	Caesar
γαμέω	29	I marry
διάκονος	29	a waiter, servant, administrator
πόθεν	29	whence
μισθός	29	wages, reward
ποτέ	29	at one time or other
Βαρναβᾶς	28	Barnabas
προφητεύω	28	I foretell, prophesy
θυσία	28	a sacrifice
Μαρία	28	Mary, Miriam
ἡγέομαι	28	I lead, think
πλούσιος	28	rich
ἰσχύω	28	I am strong, able
νικάω	28	I conquer, overcome
χώρα	28	region, land, fields
τελέω	28	I end, accomplish, pay
θυγάτηρ	28	a daughter
ἐνδύω	28	I put on, clothe
ἀδικέω	28	I act unjustly towards
ἁγιάζω	28	I make holy, sanctify
ἀληθινός	28	true, real, genuine
βαστάζω	27	I carry, carry away, bear
ἥκω	27	I have come, am present
Ἰακώβ	27	Jacob
ἔλεος	27	pity, mercy
κρίμα	27	a judgment, verdict, lawsuit
σταυρός	27	a cross
καταργέω	27	I bring to naught, sever, abolish
ἐκχέω	27	I pour out, shed
κώμη	27	a village
πόσος	27	how much, how great, how many
ἐκεῖθεν	27	thence, from that place
καθαρός	26	clean, pure, unstained
χήρα	26	a widow
ἀληθής	26	unconcealed, true
μυστήριον	26	anything hidden, a mystery
ἰάομαι	26	I heal
πνευματικός	26	spiritual
Μαριάμ	26	Miriam
οὔπω	26	not yet
ἀποκαλύπτω	26	I uncover, bring to light, reveal
ἐπεί	26	after, for, since, otherwise
δουλεύω	26	I am a slave, am subject to, obey
στρατιώτης	26	a soldier
φρονέω	26	I think, judge, observe
ὀμνύω	26	I swear, take an oath
ἀσθενής	26	weak, infirm, sick
ὁμολογέω	26	I confess, profess, acknowledge, praise
λυπέω	26	I pain, grieve, vex
Ἕλλην	25	a Hellene, a Greek
ἀναβλέπω	25	I look up, recover my sight
δένδρον	25	a tree
μανθάνω	25	I learn, ascertain
ἀδικία	25	unrighteousness
κελεύω	25	I command, order
σός	25	yours, thy, thine
ἀδελφή	25	a sister
πορνεία	25	fornication, idolatry
μήποτε	25	lest at any time, lest, perhaps
νεφέλη	25	a cloud
οὗ	25	where, whither, when
φιλέω	25	I love, kiss
πάρειμι	25	I am present, am near
λευκός	25	white, bright
Αἴγυπτος	25	Egypt
συνίημι	25	I consider, understand
ἑορτή	25	a festival, feast
δέκα	25	ten
Τιμόθεος	24	Timothy
παῖς	24	a boy or girl child
νοῦς	24	the mind, reasoning faculty
γνωρίζω	24	I make known, declare, know
ἀκοή	24	hearing, faculty of hearing, ear
πίμπλημι	24	I fill, am fulfilled
ἀσθένεια	24	want of strength, weakness, illness
κεῖμαι	24	I lie, recline, am laid
ἀναιρέω	24	I take up, abolish, murder
παρουσία	24	presence, a coming, arrival, advent
ἐπιστολή	24	a letter, dispatch, epistle
σωτήρ	24	a savior, deliverer, preserver
ἀστήρ	24	a star
προσέχω	24	I pay attention to, devote myself to
σκεῦος	23	a vessel to contain liquid, utensil, tackle
κοιλία	23	belly, womb, the inner man
ἐλεύθερος	23	free, delivered from obligation
ἐκλεκτός	23	chosen, elect, choice, select
ἀμπελών	23	a vineyard
εἰκών	23	an image, likeness, bust
νέος	23	young, new, fresh
κωλύω	23	I prevent, hinder
καταλείπω	23	I leave behind, abandon
χαρίζομαι	23	I show favor to, forgive
πεινάω	23	I am hungry, needy
ἄπιστος	23	unbelieving, incredulous, unchristian, unbeliever
ζῷον	23	an animal
περιβάλλω	23	I cast around, clothe
διότι	23	on this account, because, for
ἀνάγω	23	I lead up, put to sea, set sail
μιμνῄσκομαι	23	I remember, recall
κοπιάω	23	I grow weary, toil
τελειόω	23	I complete, accomplish, make perfect
θυσιαστήριον	23	an altar
χιλιάς	23	a thousand
πέραν	23	over, beyond
θεάομαι	22	I see, behold, contemplate, visit
Ἠσαΐας	22	Isaiah
πλοῦτος	22	riches, wealth
κἀκεῖνος	22	and he, she, it, and that
συνέδριον	22	a council, the Sanhedrin
πληγή	22	a blow, stripe, wound
καθεύδω	22	I sleep, am sleeping
κατεργάζομαι	22	I work out, produce, accomplish
γρηγορέω	22	I am awake, am vigilant, watch
μετάνοια	22	repentance, a change of mind
ἀντί	22	instead of, for
τεσσεράκοντα	22	forty
δοκιμάζω	22	I put to the test, prove, examine
κατηγορέω	22	I accuse, charge, prosecute
Μακεδονία	22	Macedonia
ἐκλέγομαι	22	I choose, elect
ἀγνοέω	22	I do not know, am ignorant of
πωλέω	22	I sell
θερίζω	21	I reap, gather
μηκέτι	21	no longer
τιμάω	21	I value at a price, honor
χιλίαρχος	21	a military tribune
ἐνεργέω	21	I work, accomplish, am operative
εὐδοκέω	21	I am resolved, well-pleased
διδασκαλία	21	instruction, teaching
βασιλεύω	21	I rule, reign, reign over
αὐξάνω	21	I cause to increase, become greater, grow
καθίστημι	21	I set, establish, appoint, conduct
ὑπακούω	21	I listen, obey
στρέφω	21	I turn, am converted, change
λατρεύω	21	I serve, worship
ἐφίστημι	21	I stand by, am urgent, befall one, impend
τελώνης	21	a collector of taxes
μνημονεύω	21	I remember, make mention of
πειρασμός	21	trial, testing, temptation
ἐπίγνωσις	20	knowledge, discernment, recognition
ἀργύριον	20	silver, a shekel, money in general
ἰχθύς	20	a fish
νηστεύω	20	I fast
Ἰσαάκ	20	Isaac
ἕνεκεν	20	for the sake of, on account of, wherefore
ὑψόω	20	I lift up, exalt
μαρτύριον	20	witness, evidence, testimony
ὑπηρέτης	20	a servant, an attendant
γονεύς	20	a parent
ὡσεί	20	as if, as it were, like, about
γέ	20	at least, indeed, really
αἰτία	20	a cause, reason, charge
τρέχω	20	I run, exercise myself
νυνί	20	now, already, at present
σκηνή	20	a tent, tabernacle
ἡγεμών	20	a governor
ἀκροβυστία	20	foreskin
τοσοῦτος	20	so great
προάγω	20	I lead forth, go before
γένος	20	offspring, family, race, kind
ξύλον	20	a staff, cross, anything made of wood
κοινωνία	19	participation, communion, fellowship
ἐπάνω	19	on the top, above, superior to
παρατίθημι	19	I set before, serve, entrust to
σοφός	19	wise
ἀπέχω	19	I have in full, am far, it is enough
παράπτωμα	19	a falling away, sin
τέλειος	19	perfect, full-grown
μήν	19	a month; certainly
ἐπιλαμβάνομαι	19	I seize, take hold of
παλαιός	19	old, ancient, worn out
ἐπαίρω	19	I raise, lift up
κριτής	19	a judge
ἐπουράνιος	19	heavenly, celestial
προφητεία	19	prophecy
γεωργός	19	a worker of the soil, husbandman, vine-dresser
διακρίνω	19	I distinguish, discern, doubt, hesitate
κτίσις	19	creation, creature, institution
δῶρον	19	a gift, present
πότε	19	when, at what time
βάπτισμα	19	the rite or ceremony of baptism
κρείττων	19	stronger, more excellent
μεριμνάω	19	I am anxious, distracted
κρύπτω	19	I hide, conceal, lay up
καταγγέλλω	18	I declare openly, preach
ἀληθῶς	18	truly, really, certainly
πόλεμος	18	a war, battle, strife
μέχρι(ς)	18	as far as, until
ἐπιβάλλω	18	I throw upon, lay, strike upon
βλασφημία	18	abusive or scurrilous language, blasphemy
θυμός	18	an outburst of passion, wrath
παραχρῆμα	18	instantly, immediately
ἀριθμός	18	a number, total
κοιμάομαι	18	I fall asleep, am asleep
φανερός	18	apparent, clear, visible, manifest, clearly
Ἀντιόχεια	18	Antioch
δέησις	18	supplication, prayer
κενός	18	empty, vain, hollow
πυλών	18	a large gate, a gateway, porch
πολλάκις	18	many times, often
τίκτω	18	I bear, bring forth, produce
κόπος	18	trouble, toil, labor
Ἀσία	18	roughly the western third of Asia Minor
ἀπώλεια	18	destruction, ruin, loss
οἰκοδομή	18	the act of building, a building, edification
κληρονομέω	18	I inherit, obtain
προστίθημι	18	I put to, add, do again
εἰσπορεύομαι	18	I journey into, go into
ποιμήν	18	a shepherd
στέφανος	18	a crown, garland
ἐπιτρέπω	18	I allow, permit
ῥύομαι	17	I rescue
νίπτω	17	I wash
ἕτοιμος	17	ready, prepared
ἑκατοντάρχης	17	a centurion
ἄφεσις	17	deliverance, pardon, complete forgiveness
μήτι	17	if not, unless
ποταμός	17	a river, torrent
ἐπαύριον	17	tomorrow
οὔ	17	no, not
περιτέμνω	17	I circumcise
καταλύω	17	I break up, overthrow, unharness, find a lodging
χάρισμα	17	an undeserved favor
ἑκατόν	17	one hundred
σκοτία	17	darkness
ἀποκάλυψις	17	an unveiling, uncovering, revealing
βρῶμα	17	food of any kind
ὑποκριτής	17	a hypocrite, dissembler
θησαυρός	17	a treasure, store
ἀνάγκη	17	necessity, constraint, compulsion
κερδαίνω	17	I gain, win, avoid loss
κρυπτός	17	hidden, secret
ὑπομένω	17	I remain behind, endure
ὡσαύτως	17	likewise
πλήρωμα	17	fullness, fulfillment, completion
ἀρέσκω	17	I please, serve
ῥίζα	17	a root, that which comes from the root
κατέχω	17	I hold fast, bind, restrain
χρυσοῦς	17	golden
ἐξίστημι	17	I astonish, am astonished
ὦ	17	O, an exclamation
πλησίον	17	near, nearby, a neighbor
ἵππος	17	a horse
ἐλέγχω	17	I rebuke, expose
ταράσσω	17	I agitate, stir up, trouble
ἐμβαίνω	17	I embark
Καισάρεια	17	Caesarea
λύπη	16	pain, grief
πλήρης	16	full
κακῶς	16	badly, evilly
ἐργάτης	16	a field-laborer, workman
γάμος	16	a marriage, wedding, wedding-feast
πάθημα	16	suffering, passion
ἀνακρίνω	16	I examine, inquire into
ἐκτείνω	16	I stretch out, cast forth
προσδοκάω	16	I expect, await
ἐπιθυμέω	16	I long for, covet, lust after
δεῖ	16	it is necessary, inevitable
ζῆλος	16	eagerness, zeal, rivalry
Καφαρναούμ	16	Capernaum
τροφή	16	food, nourishment
σφραγίς	16	a signet-ring, impression of a seal, the proof
νυμφίος	16	a bridegroom
δεῖπνον	16	a dinner, an afternoon or evening meal
κλείω	16	I shut, shut up
ἔπειτα	16	then, thereafter, afterwards
ὑστερέω	16	I am lacking, fall short, suffer need
οὐδέποτε	16	never
παρέχω	16	I offer, provide
διαλογίζομαι	16	I reason, debate, consider
δηνάριον	16	a denarius
συκῆ	16	a fig-tree
τέρας	16	a wonder, portent
κατακρίνω	16	I condemn
συλλαμβάνω	16	I seize, apprehend, become pregnant
ἀθετέω	16	I annul
Ἔφεσος	16	Ephesus
διψάω	16	I thirst for, desire earnestly
διατάσσω	16	I give orders to, prescribe
κἄν	16	and if, even if
κλέπτης	16	a thief
δέσμιος	16	one bound, a prisoner
τολμάω	16	I dare, endure, am bold
εὐλογία	16	adulation, praise, blessing
ἀνέχομαι	15	I endure, bear with
ποτίζω	15	I cause to drink, give to drink
τράπεζα	15	a table for food or business
ἐπαγγέλλομαι	15	I promise, profess
γυμνός	15	wearing only the under-garment, bare
γνωστός	15	known, an acquaintance
νομίζω	15	I think, suppose
κληρονόμος	15	an heir, inheritor
πέτρα	15	rock
κτίζω	15	I create, form, shape, make
Σαῦλος	15	Saul, the apostle
ἐπιμένω	15	I remain, tarry, persist in
γεύομαι	15	I taste, experience
ὁμοιόω	15	I make like, liken, compare
σαλεύω	15	I shake, excite
τύπος	15	a figure, model, type
ὅθεν	15	whence, wherefore
σκάνδαλον	15	a snare, stumbling-block
ἀπάγω	15	I lead, carry, take away
διαμαρτύρομαι	15	I give solemn evidence, testify solemnly
εὐσέβεια	15	piety, godliness
παρθένος	15	a virgin
θεμέλιος	15	belonging to the foundation
ὠφελέω	15	I help, benefit, do good
σφραγίζω	15	I set a seal upon
ἀνομία	15	lawlessness, iniquity
προλέγω	15	I forewarn
θρίξ	15	a hair
δέρω	15	I flay, flog, scourge, beat
ῥαββί	15	Rabbi, my master, teacher
παύω	15	I cause to cease
οἰκουμένη	15	the inhabited (Roman) world
εὐχαριστία	15	thankfulness, gratitude
Ἰορδάνης	15	the Jordan
Δαμασκός	15	Damascus
περισσότερος	15	greater, more
δεσμός	15	a bond, chain
Λάζαρος	15	Lazarus, Eliezer
συμφέρω	15	I collect, am profitable to
χορτάζω	15	I feed, satisfy
εἶτα	15	then, thereafter, next
λῃστής	15	a robber, brigand, bandit
κατέρχομαι	15	I come down
συνίστημι	15	I commend, prove, am composed of, cohere
ξηραίνω	15	I dry up, parch, ripen
χόρτος	15	grass, hay
μακρόθεν	14	from a distance
αὔριον	14	tomorrow
λύχνος	14	a lamp
πώς	14	how
κατανοέω	14	I understand, perceive, consider
μακροθυμία	14	patience, forbearance
θύω	14	I sacrifice, kill
σῖτος	14	wheat, grain
ἀνθίστημι	14	I take a stand against, oppose, resist
κατεσθίω	14	I eat till it is finished
ἁρπάζω	14	I seize, snatch, obtain by robbery
ἀνάκειμαι	14	I recline, especially at a dinner-table
ἐνιαυτός	14	a year
ἐλαία	14	an olive tree
σεισμός	14	an earthquake, storm
τάλαντον	14	a talent of silver or gold
ἀτενίζω	14	I direct my gaze, look steadily
ἐξαποστέλλω	14	I send forth
ἀναχωρέω	14	I return, retire, depart, withdraw
Σαδδουκαῖος	14	a Sadducee
μοιχεύω	14	I commit adultery
χωλός	14	lame, deprived of a foot
μέτρον	14	a measure, measuring rod
ἀλλότριος	14	belonging to another person, foreign
μύρον	14	anointing-oil, ointment
κωφός	14	dumb, deaf
φρόνιμος	14	intelligent, prudent
πετεινόν	14	a bird
ὄφις	14	a serpent
ξένος	14	new, novel, a foreigner
ἐλάχιστος	14	least, smallest, very little
κοινός	14	common, shared, unclean
ἀφίσταμαι	14	I lead away, seduce, depart, abstain from
διαλογισμός	14	a calculation, reasoning, thought, plotting
κλάω	14	I break
ἐπίσταμαι	14	I know, understand
ἄκανθα	14	a thorn-bush
φύσις	14	nature, inherent nature
ἐντέλλομαι	14	I give orders, command
ἀναγγέλλω	14	I announce, make known, report
γράμμα	14	a letter, writings, learning
νοέω	14	I understand, consider
μερίζω	14	I divide, part, share
ὑπακοή	14	obedience
ἀμφότεροι	14	both of two
ὀψία	14	evening
εὐφραίνω	14	I cheer, am glad, make merry
κληρονομία	14	an inheritance
οἷος	14	of what kind, such as
ταπεινόω	14	I humble, humiliate
προσδέχομαι	14	I expect, welcome, accept
νήπιος	14	an infant, child, unlearned
κοινόω	14	I make unclean, regard as unclean
ἕκτος	14	sixth
ἀπειθέω	14	I disobey, rebel, am disloyal
ἅπαξ	14	once, once for all
θερισμός	13	reaping, harvest
ἐλεημοσύνη	13	alms-giving, charity
Τίτος	13	Titus
τύπτω	13	I beat, strike, wound, inflict punishment
Μάρθα	13	Martha
παιδεύω	13	I discipline, educate, train, chastise
ἐκπλήσσομαι	13	I am thunderstruck, astounded
καταλαμβάνω	13	I seize tight hold of, overtake, comprehend
καθάπερ	13	even as
καταντάω	13	I come down, arrive at, reach
καταρτίζω	13	I fit together, prepare
παράδοσις	13	an instruction, tradition
δράκων	13	a dragon or huge serpent
ἀναλαμβάνω	13	I take up, raise
Φῆστος	13	Festus
Ναζωραῖος	13	Nazarene
παιδίσκη	13	a female slave, maidservant, maid.
Ἀνδρέας	13	Andrew
συνεργός	13	a fellow worker
ἔξωθεν	13	from without, outside
καίω	13	I ignite, light, burn
πρίν	13	formerly, before
ἀναστροφή	13	behavior, manner of life
ἀνά	13	and, apiece, by, each, every, in, through
ἐπιζητέω	13	I seek after, desire, search for
ἐμπαίζω	13	I mock
ὕψιστος	13	highest, most high, the heights
στηρίζω	13	I fix firmly, strengthen
τρόπος	13	way, manner, character
δαιμονίζομαι	13	I am demon-possessed
καπνός	13	smoke
ἄνωθεν	13	from above, from the beginning, again
τίμιος	13	of great price, precious, honored
καταισχύνω	13	I shame, disgrace, put to utter confusion
κλέπτω	13	I steal
διαλέγομαι	13	I converse, address, preach, lecture
χωρίζω	13	I separate, depart
διαφέρω	13	I carry through, differ, surpass, excel
ἕξ	13	six
ζύμη	13	leaven, ferment
δέομαι	12	I request, beg
κατάκειμαι	12	I recline, am lying ill
χοῖρος	12	swine
βοάω	12	I shout, call aloud
πρόθεσις	12	the show-bread, predetermination
ἄδικος	12	unjust, unrighteous
περισσοτέρως	12	abundantly
πῶλος	12	a colt, young ass
ψεύδομαι	12	I lie
πρωΐ	12	early in the morning, at dawn
ἔθος	12	a custom
ἀναπαύω	12	I make to rest, give rest to, rest, take my ease
μεταβαίνω	12	I leave, depart, remove, pass over
τυγχάνω	12	I obtain, I happen, perhaps
ὑγιαίνω	12	I am well
ἐξάγω	12	I lead out
Βαβυλών	12	Babylon
βουλή	12	counsel, deliberate wisdom
ὅριον	12	districts, territory
πυνθάνομαι	12	I ask, inquire
πόρνη	12	a prostitute
ἀσκός	12	a wine-skin
λίαν	12	very, very much, exceedingly
σαλπίζω	12	I sound a trumpet
Μαγδαληνή	12	Magdalene
ῥάβδος	12	a rod, staff
δίκτυον	12	a fishing-net
φιάλη	12	a shallow and flat bowl
κολλάομαι	12	I glue, cleave, keep company with
Ζεβεδαῖος	12	Zebedee
βαπτιστής	12	the baptizer, the Baptist
κάλαμος	12	a reed, reed-pen
πληθύνω	12	I increase, multiply
Βηθανία	12	Bethany
χρυσίον	12	a golden ornament
γέεννα	12	Gehenna
Ῥωμαῖος	12	Roman, a Roman citizen
συνέχω	12	I press together, confine, compel, am afflicted with
μωρός	12	stupid, foolish
μάλιστα	12	most of all, especially
ὅραμα	12	a spectacle, vision
πλουτέω	12	I become rich
προσλαμβάνομαι	12	I take to myself, welcome
φονεύω	12	I murder
ἀναπίπτω	12	I lie down, recline, fall back upon
σπουδή	12	haste, diligence
λιμός	12	a famine, hunger
αὐλή	12	court-yard, fore-court, palace, house
λυχνία	12	a lamp-stand
πιάζω	12	I lay hold of
γόνυ	12	a knee
ἀλέκτωρ	12	a cock, rooster
ἔσωθεν	12	from within, inside
κράτος	12	dominion, strength, power
βασανίζω	12	I torment, torture, buffet
οἰκοδεσπότης	12	a head of a household
διάνοια	12	understanding, intellect, mind
τρίς	12	three times
βῆμα	12	the space covered by a step of the foot, a tribunal
βροντή	12	thunder
δεῦτε	12	come hither, come, hither
ὀδούς	12	a tooth
παραιτέομαι	12	I make excuse, refuse, reject
εἰσάγω	11	I lead in, bring in
σπλάγχνον	11	bowels, compassion, pity
σπλαγχνίζομαι	11	I have pity on
ὁμοθυμαδόν	11	with one mind, unanimously
ἀπαρνέομαι	11	I deny, disown, disregard
κλάδος	11	a branch
ὑψηλός	11	high, lofty
Βαραββᾶς	11	Barabbas
πρᾶγμα	11	a thing done, a matter
σπουδάζω	11	I hasten
πραΰτης	11	mildness, gentleness
καύχημα	11	a boasting
ἅλυσις	11	a light chain
γέμω	11	I am full of
σχίζω	11	I rend, divide asunder
κράβαττος	11	a bed, mattress, mat
ἐμβλέπω	11	I look into, look upon
κατασκευάζω	11	I build, prepare, make
τριάκοντα	11	thirty
ἄφρων	11	senseless, foolish, inconsiderate
θάπτω	11	I bury
πρότερος	11	former, before
Θωμᾶς	11	Thomas
ἐνδείκνυμι	11	I show forth
Τύρος	11	Tyre
φυτεύω	11	I plant
φωτίζω	11	I illuminate, bring to light
λίμνη	11	a lake
σάλπιγξ	11	a trumpet
χιτών	11	a tunic, garment, undergarment
τελευτάω	11	I end, finish, die
Ἁνανίας	11	Ananias
ζῳοποιέω	11	I make to live
δωρεά	11	a free gift
ἀνατολή	11	rising of the sun, the East
Ζαχαρίας	11	Zechariah
καταβολή	11	a foundation, depositing, sowing
συγγενής	11	akin, a relative
ἐάω	11	I allow, permit, leave
θανατόω	11	I put to death, subdue
Σαμάρεια	11	Samaria
εἴκοσι(ν)	11	twenty
βρῶσις	11	eating, food, a meal, rust
χράομαι	11	I use, make use of, deal with
ἔλαιον	11	olive oil
μετρέω	11	I measure, estimate
ἐξουθενέω	11	I ignore, despise
ἐπισκέπτομαι	11	I look upon, visit, look out, select
ἀγορά	11	market-place
καύχησις	11	the act of boasting, exultation
ψευδοπροφήτης	11	a false prophet
ἔπαινος	11	commendation, praise
χίλιοι	11	a thousand
ὑγιής	11	sound, whole, wholesome
Ἀγρίππας	11	Agrippa
μακρός	11	long, distant
ποιμαίνω	11	I shepherd, tend
ζηλόω	11	I am jealous, eager for
κατακαίω	11	I burn up, consume entirely
Γαλιλαῖος	11	a Galilean
ὑποκάτω	11	underneath
πηγή	11	a fountain, spring, well
κλῆρος	11	a lot, portion
κακία	11	evil, wickedness, malice
ὑμέτερος	11	your
ἐλευθερία	11	freedom, liberty
κέρας	11	a horn
χείρων	11	worse
νόσος	11	a disease, malady
ἐπιπίπτω	11	I fall upon, press upon
σφόδρα	11	exceedingly, greatly
ἀντιλέγω	11	I speak or say in opposition, contradict
ἀγαλλιάω	11	I exult, am full of joy
ἀπιστία	11	unbelief, unfaithfulness, distrust
εἴδωλον	11	an idol, false god
δόλος	11	deceit, guile, treachery
ἀρχαῖος	11	original, primitive, ancient
διαμερίζω	11	I divide up into parts, break up, distribute
ἐπαισχύνομαι	11	I am ashamed
κλῆσις	11	a calling, summons
ψεῦδος	10	a lie
ἅμα	10	at the same time, along with
σύνδουλος	10	a fellow servant, colleague
ἰσχύς	10	strength, power
κἀκεῖ	10	and there, and yonder
βίος	10	life, manner of life, livelihood
ἀκαθαρσία	10	uncleanness, impurity
ἔνατος	10	ninth
ἐκπίπτω	10	I fall out, fall off, fall away, fade away, wither away
παράγω	10	I pass by, depart, pass away
ὑπόδημα	10	a sandal
Ἀπολλῶς	10	Apollos
κἀκεῖθεν	10	and thence, and from there
κοινωνός	10	a sharer, partner
Ἰόππη	10	Joppa
δάκρυον	10	a tear
κλητός	10	called, summoned
δικαίωμα	10	a thing pronounced to be just
σέβομαι	10	I reverence, worship
στρατηγός	10	a general, magistrate, captain of the temple
ἀσέλγεια	10	wantonness, lewdness
ἀσεβής	10	impious, ungodly, wicked
βίβλος	10	a written book, roll, or volume
νεανίσκος	10	a young man
φείδομαι	10	I spare, abstain
προσκαρτερέω	10	I persist
ἐμφανίζω	10	I make visible, report against, appear before
ἐπιτελέω	10	I complete, accomplish, perfect
παντοκράτωρ	10	ruler of the universe
χρηστότης	10	goodness, benignity, kindness
σφάζω	10	I slay
ἀπολαμβάνω	10	I get back, receive back
ἐντεῦθεν	10	hence, from this place, on this side and on that
οἰκονόμος	10	a steward
περιστερά	10	a dove
ποικίλος	10	various, of different colors
ἀναστρέφω	10	I overturn, turn upside down, return, (mid. and pass) I conduct myself, live
πενθέω	10	I mourn, lament
διωγμός	10	persecution
ἀδύνατος	10	incapable, impossible
ὅρκος	10	an oath
ὄντως	10	really, truly
ὅδε	10	this here, this
ἀσπασμός	10	a greeting, salutation
ταχέως	10	soon, quickly, hastily
ἀφορίζω	10	I rail off, separate, place apart
ἐξομολογέω	10	I consent fully, confess
πόρνος	10	a fornicator
ὀνειδίζω	10	I reproach, revile, upbraid
συζητέω	10	I seek together, discuss, dispute
ὑπαντάω	10	I meet
Ἀχαΐα	10	Achaia
μέλει	10	it is a care, it concerns
παρεμβολή	10	a camp, barracks, army in battle array
σιωπάω	10	I keep silence
χωρίον	10	a place, piece of land, field
ξενίζω	10	I entertain a stranger, I startle
ἀγαθοποιέω	10	I do that which is good
πύλη	10	a door, gate
ἀναφέρω	10	I carry up, lead up, offer up
πατάσσω	10	I strike
ἔνοχος	10	involved in, liable
τέταρτος	10	fourth
πλάνη	10	a wandering, error
χρυσός	10	anything made of gold
δεσπότης	10	a lord, master, or prince
παραλυτικός	10	afflicted with paralysis
ᾅδης	10	Hades
κοσμέω	10	I put into order, adorn
ἐκκόπτω	10	I cut out, cut off
ἐπειδή	10	when, since
πλεονεξία	10	covetousness, avarice
θλίβω	10	I make narrow, persecute, press hard
ἐγκαταλείπω	10	I abandon, desert
ἀπολογέομαι	10	I give a defense, defend myself
ἁγιασμός	10	sanctification, holiness
ἀφαιρέω	10	I take away, smite off
κομίζω	10	I bring, receive, recover
ἀπολύτρωσις	10	redemption, deliverance
ἐπιτάσσω	10	I give order, command
μακροθυμέω	10	I suffer long, have patience, am forbearing
ψεύστης	10	a liar, deceiver
χωρέω	10	I make room, go, receive
οἰκονομία	9	stewardship
μνᾶ	9	a mina
ὀνομάζω	9	I give a name to, mention
Σολομών	9	Solomon
νομικός	9	about law, one learned in the Law
ἐντρέπω	9	I turn to confusion, put to shame, reverence
λαμπάς	9	a torch, lamp, lantern
χάριν	9	on account of
αἵρεσις	9	a self-chosen opinion, a sect
τεῖχος	9	a wall
προσφορά	9	an offering, sacrifice
οἰκέω	9	I inhabit, dwell
ἀστραπή	9	a flash of lightning, brightness, luster
ἀρχισυνάγωγος	9	a leader of the synagogue
παρρησιάζομαι	9	I speak freely, boldly
τάξις	9	order, position, rank
δωρεάν	9	as a free gift, without payment, freely
Καϊάφας	9	Caiaphas
λέων	9	a lion
φθόνος	9	envy, a grudge
μονογενής	9	only, only-begotten, unique
νῆσος	9	an island
ἄνω	9	up, above, things above, heaven
ὀργίζομαι	9	I irritate, provoke, am angry
λεπρός	9	a leper
γεμίζω	9	I fill, load
προπέμπω	9	I send forward, accompany
βόσκω	9	I feed
κλαυθμός	9	weeping, lamentation
Ἰωνᾶς	9	Jonah
μεταπέμπομαι	9	I send for, summon
Σιδών	9	Sidon
κραυγάζω	9	I cry aloud, shout
ἔρις	9	contention, strife
μεστός	9	full
ἀπαρχή	9	the first-fruits
ἀνατέλλω	9	I make to rise, I rise, shine
δεῦρο	9	come, now, the present
ἄρσην	9	male
κλάσμα	9	a fragment
Φῆλιξ	9	Felix
Σαούλ	9	Saul
κρούω	9	I knock
ἀλείφω	9	I anoint
εὐάρεστος	9	acceptable, well-pleasing
ἐπέρχομαι	9	I approach, overtake, attack
μαργαρίτης	9	a pearl
φθείρω	9	I corrupt, spoil, destroy
ὕστερος	9	later
πλεονάζω	9	I abound, increase
διασκορπίζω	9	I scatter, winnow, disperse, waste
χρηματίζω	9	I warn, am publicly called
ἄμπελος	9	a vine
καθαιρέω	9	I take down, depose, destroy
Ἀδάμ	9	Adam
γνώμη	9	opinion, counsel, judgment, intention
ἀποδοκιμάζω	9	I reject after testing, I disqualify
ἕβδομος	9	seventh
ἐπιδίδωμι	9	I hand in, give up, give way
ἀναγκάζω	9	I force, compel
ἐπιποθέω	9	I long for, strain after, desire greatly
οὐράνιος	9	heavenly
εὐώνυμος	9	on the left-hand side, left
μεταξύ	9	meanwhile, afterwards, between
ἔσω	9	within, inside
διατρίβω	9	I tarry, continue, stay
τρέφω	9	I feed, rear
κίνδυνος	9	danger, peril, risk
ἄβυσσος	9	the abyss, the unfathomable depth
στάσις	9	standing, place, dissension
στήκω	9	I stand fast, persevere
Σόδομα	9	Sodom
ἐκδίκησις	9	a defense, vengeance, full punishment
κλίνη	9	a couch, bed, mat, bier
Ἐλισάβετ	9	Elisabeth
γαστήρ	9	the womb, stomach, to be pregnant
περίχωρος	9	neighboring
σιγάω	9	I keep silent
εἰδωλόθυτον	9	sacrificed to an image
κατάγω	9	I lead down, bring down
ἑξήκοντα	9	sixty
Ἰσραηλίτης	9	an Israelite
γωνία	9	a corner, a secret place
ἄζυμος	9	unleavened, the paschal feast, uncorrupted
ταχύ	9	quickly, speedily
κατάπαυσις	9	resting, rest
σελήνη	9	the moon
πιπράσκω	9	I sell
ὑστέρημα	9	that which is lacking, poverty
Κηφᾶς	9	Cephas
στολή	9	a long robe
καταφρονέω	9	I despise, scorn
θνῄσκω	9	I am dying, am dead
φόνος	9	murder, slaughter
εὐδοκία	9	good-will, favor
φθορά	9	corruption, destruction, decay
Σαμαρίτης	9	a Samaritan
λαμπρός	9	shining, magnificent, bright
ἀποστρέφω	9	I turn away, restore, reject
ἄνομος	9	lawless, sinful, illegal
ἀργός	8	idle, lazy, thoughtless
εὐνοῦχος	8	a eunuch, keeper of the bed-chamber
ἕλκω	8	I drag
ῥίπτω	8	I throw, cast, toss
πατρίς	8	fatherland
ὑπερβολή	8	surpassing excellence, exceedingly
διανοίγω	8	I open fully
ἐκφέρω	8	I bring out, carry out
ἐπιλανθάνομαι	8	I forget, neglect
κοράσιον	8	a girl, little girl
βεβαιόω	8	I confirm, ratify
πάντως	8	entirely, in every way, certainly
Συρία	8	Syria
κόπτω	8	I cut off, mourn
στράτευμα	8	an army
ὀκτώ	8	eight
ζώνη	8	a girdle, belt, purse
Βηθλέεμ	8	Bethlehem
μέτωπον	8	the forehead
κύκλῳ	8	around
ἀντίκειμαι	8	I resist, oppose
ὀξύς	8	sharp, swift, eager
διαστέλλομαι	8	I give a commission, order
καρποφορέω	8	I bear fruit
ἀρκέω	8	I am sufficient, I suffice, am content, satisfied
συμβούλιον	8	a council, advice
ξηρός	8	dry, withered, dry land
πρωτότοκος	8	first-born
μεθερμηνεύω	8	I translate, interpret
δρέπανον	8	a sickle
ταπεινός	8	humble, lowly
νουθετέω	8	I admonish, warn, counsel
ἀδόκιμος	8	failing to pass the test
ἐναντίος	8	opposite, opposed, contrary, the adversary
Μᾶρκος	8	Mark
σχίσμα	8	a rent, division
ἐκφεύγω	8	I flee out, away, I escape
Ἰσκαριώτης	8	Iscariot, a man of Kerioth
συμβαίνω	8	I happen, occur
Μελχισέδεκ	8	Melchizedek
εἰσφέρω	8	I lead into, bring in
συλλέγω	8	I collect, gather
κατηχέω	8	I instruct orally
εὐλογητός	8	worthy of praise, blessed
ὅσιος	8	holy, pious
προσκόπτω	8	I stumble
ἀπιστέω	8	I am unfaithful, I disbelieve
ἴσος	8	equal, identical
ἄμωμος	8	blameless
αἰνέω	8	I praise
μνῆμα	8	a tomb, monument
ἀπολογία	8	a verbal defense
διασῴζω	8	I save, bring safely to
μυριάς	8	a myriad, ten thousand
κάτω	8	down, below, lower, under, less
ἀπεκδέχομαι	8	I expect eagerly, wait for eagerly
λιθάζω	8	I stone
βοῦς	8	an ox
κατέναντι	8	opposite, in front of
πραιτώριον	8	the official residence of the procurator
περιτίθημι	8	I put around, bestow
τάχος	8	quickness, speed
μετέχω	8	I participate in, share
ἔνδυμα	8	a garment, raiment
μεγαλύνω	8	I enlarge, magnify, extol
ζιζάνιον	8	spurious wheat, darnel
ἐκτός	8	without, outside, except, the outside, apart from
κοινωνέω	8	I share, communicate, have fellowship with
προΐστημι	8	I rule
ἄπειμι	8	['I am absent', 'I go away, depart']
βάθος	8	depth, a depth, a deep
ἡλικία	8	age, stature
ἀποτίθημι	8	I lay off or aside, renounce
προσπίπτω	8	I fall down before, beat against
βέβαιος	8	firm, steadfast, enduring
ὀσφύς	8	the loins
ἐξαιρέω	8	I remove, choose, rescue
Ῥώμη	8	Rome
νύμφη	8	a bride, daughter-in-law
συγκαλέω	8	I call together
ἄφθαρτος	8	imperishable, incorruptible
πορνεύω	8	I fornicate, practice idolatry
θησαυρίζω	8	I store up, treasure up, save
θαρρέω	8	I am courageous, of good cheer
σαπρός	8	rotten, useless, corrupt
τάσσω	8	I assign, arrange
βοηθέω	8	I come to the rescue of
ὁρίζω	8	I define, determine, appoint, decree
προέρχομαι	8	I go before, precede
Κιλικία	8	Cilicia
διηγέομαι	8	I relate in full, describe
ἀναγκαῖος	8	necessary, essential
χάραγμα	8	sculpture, a stamp, sign
τεκνίον	8	a little child
διακόσιοι	8	two hundred
Σίλας	8	Silas
κινέω	8	I move, stir, excite
Κορνήλιος	8	Cornelius
μέντοι	8	indeed, yet, however
Νῶε	8	Noah
κήρυγμα	8	a proclamation, preaching
ἐνέργεια	8	working, activity
ἐσθής	8	clothing, raiment
ἐνθάδε	8	here, in this place
ἁγνός	8	pure, chaste
ἀποκαθίστημι	8	I restore, give back
καλύπτω	8	I veil, hide, conceal, envelop
βρέφος	8	infant, babe
γογγύζω	8	I whisper, murmur, grumble
ἐπισυνάγω	8	I collect, gather together
συμβιβάζω	7	I unite, prove, instruct
γαμίζω	7	I give in marriage, marry
πνέω	7	I blow
χρηστός	7	useful, gentle, pleasant, kind
στρατεύομαι	7	I wage war, fight
νότος	7	the south wind, the South
ἀεί	7	always
συντρίβω	7	I break by crushing
ζήτησις	7	a question, debate, controversy
ἀφορμή	7	an occasion, opportunity
κυριεύω	7	I have authority, rule over
πονηρία	7	wickedness, iniquities
εὐκοπώτερος	7	easier
προσμένω	7	I remain, persist in
χαλάω	7	I let down, lower
διατίθεμαι	7	I appoint, make
καθαρισμός	7	cleansing, purifying, purification
ἐπιδείκνυμι	7	I show, prove
προστάσσω	7	I instruct, command, appoint
περιβλέπομαι	7	I look around on, survey
Συμεών	7	Simeon or Simon
πάλαι	7	of old, long ago
μαστιγόω	7	I flog, scourge
φυσιόω	7	I inflate, puff up
ἰατρός	7	a physician
σαρκικός	7	fleshly, carnal
ὄπισθεν	7	from behind, after
Ἰεριχώ	7	Jericho
κτάομαι	7	I win, get, buy, possess
σύνεσις	7	understanding
λιθοβολέω	7	I stone, cast stones at
ἀποδέχομαι	7	I receive, welcome, entertain
πεντήκοντα	7	fifty
ἐποικοδομέω	7	I build upon a foundation
φλόξ	7	a flame
φρέαρ	7	a pit, well
ἐριθεία	7	ambition, rivalry
πρέπω	7	it becomes, is fitting to
καταπίνω	7	I swallow, devour, destroy
παράβασις	7	a transgression
ἐγκαλέω	7	I bring a charge against, accuse
πανταχοῦ	7	everywhere
κλίνω	7	I rest, recline, make to yield
εὔχομαι	7	I pray, wish
ἐνδυναμόω	7	I fill with power, strengthen
συνανάκειμαι	7	I recline at table with
Ἑβραϊστί	7	in the Hebrew or Aramaic dialect
φίλημα	7	a kiss
Στέφανος	7	Stephen
δηλόω	7	I show, make clear, reveal
βρέχω	7	I moisten, rain, send rain
ᾠδή	7	an ode, song
ἀγέλη	7	a flock, herd
δουλόω	7	I enslave
ψαλμός	7	a psalm
ἀτιμάζω	7	I disgrace, dishonor
χεῖλος	7	a lip, mouth, shore
ἐλευθερόω	7	I free, set free, liberate
δόκιμος	7	approved, acceptable
πολεμέω	7	I make war, contend
Βεελζεβούλ	7	Beelzebul
ἐκζητέω	7	I seek out, require
ὀφειλέτης	7	a debtor, sinner
τάφος	7	a tomb, burial-place
ἡμέτερος	7	our, our own
ἀήρ	7	air
ταπεινοφροσύνη	7	humility
ἐμπίπτω	7	I fall in, am cast in
λάμπω	7	I shine
ἀπάτη	7	deceit, deception
ῥήγνυμι	7	I break, break forth
ἐπιστάτης	7	master, teacher
ἐπίκειμαι	7	I lie upon, am insistent
ἁπλότης	7	simplicity, sincerity, purity
δάκτυλος	7	a finger
ἀτιμία	7	disgrace, dishonor
ἐνίστημι	7	I place in or upon, am at hand, am present, threaten
φθάνω	7	I anticipate, precede, arrive
ζηλωτής	7	a zealot
σπεῖρα	7	a cohort
ἀγωνίζομαι	7	I strive, contend
μοιχαλίς	7	an adulteress
ἔκστασις	7	bewilderment, amazement
κόκκος	7	a kernel, grain
μνεία	7	remembrance, recollection
ἀπείθεια	7	willful unbelief, obstinacy, disobedience
μεθύω	7	I am drunk
ἁγνίζω	7	I cleanse, purify
ἀγανακτέω	7	I am angry, am incensed
ἀξιόω	7	I account or treat as worthy
ἀπολείπω	7	I leave, leave behind, desert, am reserved
ὑποπόδιον	7	a footstool
ἀφθαρσία	7	indestructibility, incorruptibility, immortality
ἐκλογή	7	a choosing out, selecting, choice by God
ἀνθρώπινος	7	belonging to human beings, human
ἀνάθεμα	7	a curse, a cursed thing
συγχαίρω	7	I rejoice with
δῶμα	7	the top of the house
πλατεῖα	7	a street
ἅλας	7	salt
πτῶμα	7	a carcass, corpse
ὑπομιμνῄσκω	7	I remind, remember
ἀνταποδίδωμι	7	I give in return
σκιά	7	a shadow, thick darkness, an outline
φιμόω	7	I muzzle, silence
στοιχεῖον	7	a heavenly body, an element
δοκιμή	7	a trial, proof; tried, approved character
θεῖον	7	brimstone, sulfur
τράχηλος	7	the neck
φονεύς	7	a murderer
ἐπίγειος	7	earthly
θόρυβος	7	confused noise, riot, disturbance
βρυγμός	7	a grinding or gnashing
καθέζομαι	7	I am sitting, sit, am seated
μεταλαμβάνω	7	I share in, partake of
διαστρέφω	7	I pervert, corrupt, oppose
ἄκαρπος	7	unfruitful, barren
ῥομφαία	7	a sword, piercing grief
Λευί	7	Levi
ποταπός	7	of what kind
κρεμάννυμι	7	I hang up, suspend
προσφωνέω	7	I call to, summon
Σιών	7	Zion
εἰδωλολάτρης	7	a worshipper of an image
ἀποδημέω	6	I go into another country
προκόπτω	6	I advance, make progress
ἱνατί	6	why
καταπέτασμα	6	a veil, curtain
πυρετός	6	a fever
σκοπέω	6	regard attentively, take heed
ὁμοίωμα	6	a likeness, form, similitude
σπεύδω	6	I hasten, desire earnestly
μάστιξ	6	a scourge, lash, sufferings
ἐγκακέω	6	I am faint, am weary
κατάρα	6	a curse, cursing
Κυρηναῖος	6	belonging to Cyrene, a Cyrenaean
πεντακισχίλιοι	6	five thousand
ἐπιταγή	6	instruction, command, order, authority
ἔχθρα	6	enmity, hostility
πρόφασις	6	a pretext, an excuse
ἀσέβεια	6	impiety, irreverence, wickedness
βάρβαρος	6	a foreigner who speaks neither Greek nor Latin
θερμαίνομαι	6	I warm
ἐξαπατάω	6	I deceive thoroughly
συναντάω	6	I meet, encounter
λειτουργία	6	a charitable gift, public service
συντέλεια	6	a completion, consummation, end
Ναζαρηνός	6	of Nazareth
ἀξίως	6	worthily, in a manner worthy of
διάλεκτος	6	language, speech
ζημιόω	6	I inflict loss upon, punish
ἀποτάσσομαι	6	I withdraw from, take leave of, renounce, send away
βασανισμός	6	torture, torment
φαῦλος	6	worthless, wicked, base
ἀναμιμνῄσκω	6	I remind, admonish, remember
ὕψος	6	height, heaven
περισσός	6	abundant, greater, vehemently, advantage
δίς	6	twice
Κόρινθος	6	Corinth
ζυγός	6	a yoke, heavy burden, pair of scales
θνητός	6	mortal
Ναζαρέθ	6	Nazareth
Ἀλέξανδρος	6	Alexander
ὡσαννά	6	hosanna
ἀνυπόκριτος	6	unfeigned, without hypocrisy
πηλός	6	clay, mud
τρώγω	6	I eat
κραυγή	6	a shout, clamor, outcry
κάμηλος	6	a camel
διαπεράω	6	I cross over
σπήλαιον	6	a cave, den
βαρύς	6	heavy, weighty, burdensome
ἐκδέχομαι	6	I wait for, expect
μάγος	6	a sorcerer, magician, wizard
διαφθορά	6	destruction, decay, corruption
ὕπνος	6	sleep
μετατίθημι	6	I transfer, desert, change
Τρῳάς	6	Troas
ἀπωθέομαι	6	I push or thrust away, reject
κόλπος	6	bosom, bosom of a garment, a bay, gulf
ὑπόκρισις	6	hypocrisy, dissembling
καθότι	6	according as, because
ὄξος	6	vinegar, sour wine
μεταμέλομαι	6	I change my mind
πληροφορέω	6	I carry out fully, fully convince
χρῆμα	6	money, riches
ὑπόδειγμα	6	a figure, copy, example
ποιητής	6	a doer, performer, poet
κιβωτός	6	an ark
σπόρος	6	seed for sowing
ἐπιβαίνω	6	I step on, mount, board
μέτοχος	6	a sharer, partner
μόσχος	6	a calf
βαρέω	6	I weight, load, burden
βδέλυγμα	6	an abominable thing, an accursed thing
συμβάλλω	6	I ponder, encounter, confer or dispute with
φορτίον	6	a burden, freight
μεσίτης	6	a mediator, go-between
παιδεία	6	discipline
σβέννυμι	6	I extinguish, suppress
μέριμνα	6	care, worry, anxiety
ἕνδεκα	6	eleven
ὑποδείκνυμι	6	I show plainly, teach, warn
Ἀκύλας	6	Aquila
φορέω	6	I carry, wear
διεγείρω	6	I wake out of sleep, I arouse
λανθάνω	6	I am hidden, escape notice
σινδών	6	a linen cloth
ἀνόητος	6	foolish, thoughtless
μόλις	6	with difficulty, hardly
σημαίνω	6	I signify, indicate
Ναθαναήλ	6	Nathanael
εἴπερ	6	if indeed, if so
παρατηρέω	6	I watch
ὄναρ	6	a dream
ἐραυνάω	6	I search, look into
ἀπορέω	6	I am in difficulties, am at my wits end
ἐγκεντρίζω	6	I graft in
σκληρύνω	6	I harden
κάρφος	6	a dry stalk, chip of wood
χειροποίητος	6	done or made with hands
ὁμολογία	6	a profession, confession
μάταιος	6	vain, unproductive, godless
πώποτε	6	at any time, ever
κακόω	6	I treat badly
βάρος	6	a weight, burden
ἀνακλίνω	6	I make to recline, I recline at a table
ἔνι	6	there is in, is present
συντελέω	6	I fulfill, accomplish
Ἡρῳδιάς	6	Herodias
διερμηνεύω	6	I translate, interpret, explain
πήρα	6	a sack, wallet
ἀλλάσσω	6	I change, alter
φύλλον	6	a leaf
θαυμαστός	6	wonderful, marvelous
παραδέχομαι	6	I receive, accept, acknowledge
ψυχικός	6	animal, natural, sensuous
νόημα	6	a thought, design, the mind
ἀγών	6	a contest
περιάγω	6	I lead about, go about
περιζώννυμι	6	I gird round
συλλαλέω	6	I talk with
Λύστρα	6	Lystra
πενθερά	6	a mother-in-law
ἀναπληρόω	6	I fill up, make up, fulfill
αἰγιαλός	6	sea-coast, beach
κόκκινος	6	crimson
ἀπειθής	6	unbelieving, disobedient
καταφιλέω	6	I kiss affectionately
συμφωνέω	6	I agree with
χειμών	6	a tempest, the rainy season
ἄκρον	6	the end, extremity
κλείς	6	a key
κόφινος	6	a large basket
ὀσμή	6	an odor
λείπω	6	I am wanting, am left behind
ἐμπτύω	6	I spit upon
βάτος	6	['a thorn bush or bramble', 'a bath, a liquid measure between eight and nine gallons']
ἀποφέρω	6	I carry, bear away
εἰκῇ	6	without purpose, in vain
φιλαδελφία	6	brotherly love
στενάζω	6	I groan
παρασκευή	6	the day before the Sabbath
πλέω	6	I sail
Ἰκόνιον	6	Iconium
σωφρονέω	6	I am sober-minded, exercise self-control
πρᾶξις	6	an action, deeds, function
ἐκδικέω	6	I give justice over, defend, avenge, vindicate
μιμητής	6	an imitator
συνευδοκέω	6	I consent, agree, am of one mind with
αἰσχύνη	6	shame
στάδιος	6	one eighth of a Roman mile
θυμίαμα	6	incense
φθαρτός	6	corruptible, perishable
ἀποκόπτω	6	I smite, cut off, emasculate
δοκός	6	a beam
ἐπαινέω	6	I praise, commend
πεποίθησις	6	confidence, trust
ὅπλον	6	an instrument, arms, weapons
ἐξαυτῆς	6	immediately, instantly
λύκος	6	a wolf, jackal
πυρόομαι	6	I burn, am purified by fire
πρόσκομμα	6	a stumbling-block
βουλεύομαι	6	I deliberate, take counsel
ἐξηγέομαι	6	I explain, make declaration
διαφθείρω	6	I destroy, waste, corrupt
ἐργασία	6	working, activity, trade, performance
ἐπιφάνεια	6	appearing, manifestation
στρώννυμι	6	I spread, make a bed
καταλλάσσω	6	I reconcile
νήφω	6	I am calm, vigilant, sober
Λαοδίκεια	6	Laodicea
ἀποθήκη	6	a repository, granary, barn, storehouse
σπυρίς	5	a plaited basket
ἱματισμός	5	raiment, clothing
ἀκριβῶς	5	carefully, exactly, strictly
πλάνος	5	misleading, a deceiver
γένεσις	5	birth, lineage
ἀσύνετος	5	unintelligent, unwise, undiscerning
καταπατέω	5	I trample under foot
ἐμβριμάομαι	5	I snort, express indignant displeasure
ψάλλω	5	I sing psalms
φωτεινός	5	bright, luminous, full of light
σκληρός	5	hard, violent, harsh, stern
ἐπέχω	5	I hold forth, pay attention, note, delay
ἀντιτάσσομαι	5	I set myself against, resist
εὐσχήμων	5	comely, honorable
ἐπίσκοπος	5	overseer, supervisor, ruler
ὑβρίζω	5	I insult
Αἰγύπτιος	5	Egyptian
φόρος	5	a tax, tribute
παραγγελία	5	a command, charge
διαπορεύομαι	5	I journey through
ὀθόνιον	5	a linen bandage
ὁδηγέω	5	I lead, guide
ἐπιγράφω	5	I write upon, inscribe
ἐρημόομαι	5	I destroy, strip, rob
ἐκλύομαι	5	I am unstrung, become weak, fail
θαρσέω	5	be of good cheer
ὁδηγός	5	a leader, guide
Τυχικός	5	Tychicus
μῦθος	5	an idle tale, fable
Ἀρίσταρχος	5	Aristarchus
προοράω	5	I foresee
υἱοθεσία	5	adoption
βραχύς	5	short, little
μήγε	5	not
λούω	5	I wash, bathe
ἐπισκιάζω	5	I overshadow, envelop
στῆθος	5	the breast
μοιχάομαι	5	I commit adultery
εὖ	5	well, well done
πέτομαι	5	I fly
σκορπίζω	5	I disperse
πλοιάριον	5	a little boat
ψευδομαρτυρέω	5	I testify falsely
κράσπεδον	5	the fringe, edge
ἀνακράζω	5	I shout aloud
Φαραώ	5	Pharaoh
βύσσινος	5	of fine linen, cotton
εἰσακούω	5	I hear, listen to
ἄμεμπτος	5	blameless
Μαθθαῖος	5	Matthew
ἀκαταστασία	5	disturbance, upheaval, revolution
ἐπιγραφή	5	an inscription, title
ἀγαλλίασις	5	exultation, exhilaration
σκηνόω	5	I dwell as in a tent, encamp
δόγμα	5	a decree, edict, ordinance
πένθος	5	mourning, sorrow
ἡσυχάζω	5	I rest, am silent, live quietly
χρίω	5	I anoint
περιαιρέω	5	I strip off, cast off
ἐντυγχάνω	5	I meet, encounter, call upon, make a petition
πτέρυξ	5	a wing
ἀπέναντι	5	over against, opposite, in view of, in the presence of
μαίνομαι	5	I am raving mad
ἐπιχορηγέω	5	I supply, provide
Ἰάσων	5	Jason
συμπνίγω	5	I choke utterly, crowd upon
μωρία	5	folly, absurdity
ἀόρατος	5	unseen, invisible
Ἀαρών	5	Aaron
θεμελιόω	5	I found, lay the foundation
παίω	5	I strike, smite
ἐφάπαξ	5	once, once for all
δή	5	so, then, indeed, truly
περιποίησις	5	obtaining, possessing, possession
τρόμος	5	a trembling
Ἁλφαῖος	5	Alphaeus
εὐπρόσδεκτος	5	well-received, acceptable
ὑπερέχω	5	I excel, surpass
ἐξαίφνης	5	suddenly, unexpectedly
κατακλίνω	5	I recline, cause to recline
Μακεδών	5	a Macedonian
ἀρετή	5	virtue, moral excellence, perfection
ἀνάπαυσις	5	rest, cessation from labor, refreshment
Κρήτη	5	Crete
πανουργία	5	cunning, craftiness
βασιλικός	5	connected with a king, royal, regal
δαπανάω	5	I spend, bear expense, waste
κολαφίζω	5	I strike with the fist, maltreat
ἀσφαλής	5	safe, reliable, trustworthy
ὄγδοος	5	eighth
ζήτημα	5	a question, dispute
θηλάζω	5	I give suck, suck
σίναπι	5	mustard
Θεσσαλονίκη	5	Thessalonica
παραπορεύομαι	5	I go past
σκορπίος	5	a scorpion
ἄμμος	5	sand
ἀφανίζω	5	I cause to disappear, I hide, remove, disfigure
διαμένω	5	I remain, continue
μετασχηματίζω	5	I change the outward appearance, transfigure, adapt
ταχύς	5	quick, swift
ἀνθύπατος	5	a proconsul
κῆπος	5	a garden
ἐπιεικής	5	gentle, mild, forbearing, fair, reasonable
ἑξῆς	5	next in order, the next day
οἰκτιρμός	5	pity, compassion
ἄρρωστος	5	infirm, sick, ill
παράκλητος	5	an advocate, comforter, helper, Paraclete
ὀνειδισμός	5	reproach, reviling
πταίω	5	I stumble, fall, sin
ἀνεκτός	5	endurable, tolerable
μεθίστημι	5	I move out of its place, transfer
δουλεία	5	slavery, bondage
εἴσοδος	5	entering, entrance, entry
προθυμία	5	inclination, readiness
διαρρήγνυμι	5	I tear, break
ὀψάριον	5	a little fish
πρόκειμαι	5	I am set before
ὄνος	5	a donkey, an ass
βέβηλος	5	profane, secular, unspiritual, godless, worldly
θῆλυς	5	female
σείω	5	I shake
προγινώσκω	5	I know beforehand
συνεργέω	5	I work together
ἐναντίον	5	before, in the presence of, in the eyes of
πρωτοκλισία	5	the chief place at a banquet
καταδικάζω	5	I condemn
ὑετός	5	rain
κύων	5	a dog
γάλα	5	milk
συσταυρόομαι	5	I crucify together with
ἀναπέμπω	5	I send up to a higher tribunal, I send back
καταράομαι	5	I curse
προβαίνω	5	I go forward
πλεονεκτέω	5	I take advantage of
αἰσχύνομαι	5	I am ashamed, am put to shame
σιδηροῦς	5	made of iron
ἐμπίμπλημι	5	I fill up, satisfy
ἐκδύω	5	I put off, take off, strip off
παραλύομαι	5	I relax, enfeeble
ἅρπαξ	5	rapacious, ravenous, a robber, an extortioner
ἐκτρέπομαι	5	I turn aside, wander, forsake
ἔχιδνα	5	a serpent, snake, viper
καίπερ	5	although
Ἐφέσιος	5	Ephesian
ἐγκόπτω	5	I interrupt, hinder
νηστεία	5	fasting, the day of atonement
σωτήριος	5	saving, bringing salvation, salvation
ἀντίδικος	5	an opponent, adversary
ἐκμάσσω	5	I wipe, wipe off thoroughly
καταλαλέω	5	I speak evil of
ἀντίχριστος	5	antichrist
μεταδίδωμι	5	I share, impart
Ἰεσσαί	5	Jesse
εἶδος	5	visible form, shape, appearance, kind
ἔμφοβος	5	full of fear, terrified
συνεσθίω	5	I eat with
ἐνοικέω	5	I dwell in, am settled in
ὀλιγόπιστος	5	of little faith
μερίς	5	a part, portion
προορίζω	5	I foreordain, predetermine
ἔμπορος	5	a merchant, trader
ἐλαύνω	5	I drive on, propel, row
πωρόω	5	I harden, render callous
ληνός	5	a winepress
καθεξῆς	5	in order, just after
ὑπόστασις	5	assurance, substance, reality
περίκειμαι	5	I surround, am surrounded with
δυσμή	5	a setting of the sun, the West
Ἄρτεμις	5	the Persian or Ephesian Artemis
ἁλιεύς	5	a fisherman
στάχυς	5	a head of grain
ὑπερήφανος	5	proud, arrogant
ἔπειμι	5	the next day
δεκτός	5	acceptable, accepted
ἁμάρτημα	5	a fault, sin, evil deed
ποίμνη	5	a flock
τετρακισχίλιοι	5	four thousand
ἐννέα	5	nine
ἀετός	5	an eagle, bird of prey
πλευρά	5	the side of the body
σύρω	5	I draw, drag
χρονίζω	5	I delay, tarry
φύραμα	5	a mass or lump
γαζοφυλάκιον	5	a treasury
λειτουργός	5	a minister, servant
θώραξ	5	a breast-plate
Γάϊος	5	Gaius
ἰδιώτης	5	an amateur, layman
ᾄδω	5	I sing
οὐρά	5	a tail
ὑπερβάλλω	5	I surpass
μαρτύρομαι	5	I call to witness, testify, solemnly charge
παροιμία	5	an allegory, proverb
δικαίως	5	justly, righteously
χαλκός	5	copper, brass, money
ἀποστερέω	5	I deprive one of something, rob
ποίμνιον	5	a little flock
παγίς	5	a snare, trap
κενόω	5	I empty, deprive of content, make unreal
ζόφος	5	darkness, murkiness
ἀποσπάω	5	I wrench away from, drag away, withdraw
πατέω	5	I tread, trample upon
ἄνεσις	5	relief, remission, indulgence, freedom, rest
ὑπολαμβάνω	5	I take up, receive, answer, suppose, welcome
Κύπρος	5	Cyprus
στοιχέω	5	I walk
ἔντιμος	5	precious, honored, honorable
μιαίνω	5	I stain, pollute, defile
ἀνέγκλητος	5	irreproachable, blameless
κονιορτός	5	dust
Βηθσαϊδά	5	Bethsaida
ἐπιτυγχάνω	5	I attain, obtain, acquire
ἄργυρος	5	silver as a metal
σκοτίζομαι	5	I darken
ὁποῖος	5	of what kind or manner
ὁρμάω	5	I rush
δεκατέσσαρες	5	fourteen
συγχέω	5	I bewilder, stir up
ἐξαλείφω	5	I wipe away, obliterate
ἡδονή	5	pleasure, lust, strong desire
παρακύπτω	5	I stoop, peer in, look down
Νικόδημος	5	Nicodemus
Παμφυλία	5	Pamphylia
πίναξ	5	a plate, platter
ἑβδομήκοντα	5	seventy
περίσσευμα	5	abundance
ἥμισυς	5	half
λατρεία	5	service, worship
χρῄζω	5	I need
παραβάτης	5	a transgressor
